[{"pk": "1", "model": "fitbeats.fitnesstrajectory", "fields": {"function": 2, "pattern": 1, "trajectory_type": "integer"}}, {"pk": "4", "model": "fitbeats.fitnesstrajectory", "fields": {"function": 3, "pattern": 1, "trajectory_type": "boolean"}}, {"pk": "5", "model": "fitbeats.fitnesstrajectory", "fields": {"function": 1, "pattern": 1, "trajectory_type": "coordinate"}}, {"pk": "6", "model": "fitbeats.fitnesstrajectory", "fields": {"function": 2, "pattern": 2, "trajectory_type": "integer"}}, {"pk": "1", "model": "fitbeats.fitnesstrajectoryinteger", "fields": {"trajectory": 1, "value": 6, "instrument": 1}}, {"pk": "2", "model": "fitbeats.fitnesstrajectoryinteger", "fields": {"trajectory": 1, "value": 3, "instrument": 2}}, {"pk": "3", "model": "fitbeats.fitnesstrajectoryinteger", "fields": {"trajectory": 6, "value": 3, "instrument": 3}}, {"pk": "4", "model": "fitbeats.fitnesstrajectoryinteger", "fields": {"trajectory": 6, "value": 8, "instrument": 7}}, {"pk": "9", "model": "fitbeats.fitnesstrajectoryboolean", "fields": {"trajectory": 4, "value": true, "instrument": 1}}, {"pk": "10", "model": "fitbeats.fitnesstrajectoryboolean", "fields": {"trajectory": 4, "value": true, "instrument": 2}}, {"pk": "11", "model": "fitbeats.fitnesstrajectoryboolean", "fields": {"trajectory": 4, "value": false, "instrument": 3}}, {"pk": "12", "model": "fitbeats.fitnesstrajectoryboolean", "fields": {"trajectory": 4, "value": false, "instrument": 4}}, {"pk": "13", "model": "fitbeats.fitnesstrajectoryboolean", "fields": {"trajectory": 4, "value": false, "instrument": 5}}, {"pk": "14", "model": "fitbeats.fitnesstrajectoryboolean", "fields": {"trajectory": 4, "value": false, "instrument": 6}}, {"pk": "15", "model": "fitbeats.fitnesstrajectoryboolean", "fields": {"trajectory": 4, "value": false, "instrument": 7}}, {"pk": "16", "model": "fitbeats.fitnesstrajectoryboolean", "fields": {"trajectory": 4, "value": false, "instrument": 8}}, {"pk": "1", "model": "fitbeats.instrument", "fields": {"category": "L", "name": "Kick", "sequence_number": 0}}, {"pk": "2", "model": "fitbeats.instrument", "fields": {"category": "M", "name": "Stick", "sequence_number": 1}}, {"pk": "3", "model": "fitbeats.instrument", "fields": {"category": "H", "name": "Snare Jazz", "sequence_number": 2}}, {"pk": "4", "model": "fitbeats.instrument", "fields": {"category": "M", "name": "Hand Clap", "sequence_number": 3}}, {"pk": "5", "model": "fitbeats.instrument", "fields": {"category": "M", "name": "Snare Rock", "sequence_number": 4}}, {"pk": "6", "model": "fitbeats.instrument", "fields": {"category": "L", "name": "Tom Low", "sequence_number": 5}}, {"pk": "7", "model": "fitbeats.instrument", "fields": {"category": "H", "name": "Closed HH", "sequence_number": 6}}, {"pk": "8", "model": "fitbeats.instrument", "fields": {"category": "M", "name": "Tom Mid", "sequence_number": 7}}, {"pk": "9", "model": "fitbeats.instrument", "fields": {"category": "H", "name": "Pedal HH", "sequence_number": 8}}, {"pk": "10", "model": "fitbeats.instrument", "fields": {"category": "H", "name": "Tom Hi", "sequence_number": 9}}, {"pk": "11", "model": "fitbeats.instrument", "fields": {"category": "H", "name": "Open HH", "sequence_number": 10}}, {"pk": "12", "model": "fitbeats.instrument", "fields": {"category": "M", "name": "Cowbell", "sequence_number": 11}}, {"pk": "13", "model": "fitbeats.instrument", "fields": {"category": "M", "name": "Ride Jazz", "sequence_number": 12}}, {"pk": "14", "model": "fitbeats.instrument", "fields": {"category": "H", "name": "Crash", "sequence_number": 13}}, {"pk": "15", "model": "fitbeats.instrument", "fields": {"category": "H", "name": "Ride Rock", "sequence_number": 14}}, {"pk": "16", "model": "fitbeats.instrument", "fields": {"category": "H", "name": "Crash Jazz", "sequence_number": 15}}, {"pk": "1", "model": "fitbeats.pattern", "fields": {"parameters": [1, 2, 3, 4, 5, 6], "author": 1, "instruments": [1, 2, 3, 4, 5, 6, 7, 8], "crossover": 1, "length": 16, "mutators": [1], "selector": 1}}, {"pk": "2", "model": "fitbeats.pattern", "fields": {"parameters": [8, 9, 10, 11, 12, 13], "author": 1, "instruments": [3, 7], "crossover": 1, "length": 16, "mutators": [1], "selector": 1}}, {"pk": "1", "model": "fitbeats.selector", "fields": {"name": "Tournament", "parameters": []}}, {"pk": "2", "model": "fitbeats.selector", "fields": {"name": "Roulette", "parameters": []}}, {"pk": "1", "model": "fitbeats.mutator", "fields": {"mutate_all_rows": false, "name": "Classic"}}, {"pk": "2", "model": "fitbeats.mutator", "fields": {"mutate_all_rows": false, "name": "Invert"}}, {"pk": "3", "model": "fitbeats.mutator", "fields": {"mutate_all_rows": true, "name": "Invert"}}, {"pk": "5", "model": "fitbeats.mutator", "fields": {"mutate_all_rows": false, "name": "Reverse"}}, {"pk": "4", "model": "fitbeats.mutator", "fields": {"mutate_all_rows": true, "name": "Reverse"}}, {"pk": "6", "model": "fitbeats.mutator", "fields": {"mutate_all_rows": false, "name": "Rotate"}}, {"pk": "7", "model": "fitbeats.mutator", "fields": {"mutate_all_rows": true, "name": "Rotate"}}, {"pk": "8", "model": "fitbeats.mutator", "fields": {"mutate_all_rows": false, "name": "Timbre Exchange"}}, {"pk": "1", "model": "fitbeats.fitnessfunction", "fields": {"trajectory_type": "coordinate", "display_name": "Temporal Beat Density", "name": "fTemporalBeatDensity"}}, {"pk": "2", "model": "fitbeats.fitnessfunction", "fields": {"trajectory_type": "integer", "display_name": "Instrument Beat Density", "name": "fInstrumentBeatDensity"}}, {"pk": "3", "model": "fitbeats.fitnessfunction", "fields": {"trajectory_type": "boolean", "display_name": "Unison", "name": "fUnison"}}, {"pk": "4", "model": "fitbeats.fitnessfunction", "fields": {"trajectory_type": "boolean", "display_name": "Double Rhythms", "name": "fDoubleRhythms"}}, {"pk": "1", "model": "fitbeats.crossover", "fields": {"name": "One Point"}}, {"pk": "1", "model": "fitbeats.parameter", "fields": {"name": "gene_mutation_probability", "value": 0.02}}, {"pk": "2", "model": "fitbeats.parameter", "fields": {"name": "organism_mutation_probability", "value": 0.04}}, {"pk": "3", "model": "fitbeats.parameter", "fields": {"name": "organism_crossover_rate", "value": 0.6}}, {"pk": "4", "model": "fitbeats.parameter", "fields": {"name": "population_new_children", "value": 200.0}}, {"pk": "5", "model": "fitbeats.parameter", "fields": {"name": "population_initial_size", "value": 400.0}}, {"pk": "6", "model": "fitbeats.parameter", "fields": {"name": "population_max_generations", "value": 4.0}}, {"pk": "7", "model": "fitbeats.parameter", "fields": {"name": "gene_mutation_probability", "value": 0.02}}, {"pk": "8", "model": "fitbeats.parameter", "fields": {"name": "gene_mutation_probability", "value": 0.02}}, {"pk": "9", "model": "fitbeats.parameter", "fields": {"name": "organism_mutation_probability", "value": 0.02}}, {"pk": "10", "model": "fitbeats.parameter", "fields": {"name": "organism_crossover_rate", "value": 0.6}}, {"pk": "11", "model": "fitbeats.parameter", "fields": {"name": "population_new_children", "value": 200.0}}, {"pk": "12", "model": "fitbeats.parameter", "fields": {"name": "population_initial_size", "value": 1000.0}}, {"pk": "13", "model": "fitbeats.parameter", "fields": {"name": "population_max_generations", "value": 2.0}}, {"pk": "1", "model": "fitbeats.fitnesstrajectorycoordinate", "fields": {"y": 1.0, "trajectory": 5, "value": "0,1", "sequence_number": 0, "x": 0.0}}, {"pk": "2", "model": "fitbeats.fitnesstrajectorycoordinate", "fields": {"y": 2.0, "trajectory": 5, "value": "1,2", "sequence_number": 1, "x": 1.0}}, {"pk": "3", "model": "fitbeats.fitnesstrajectorycoordinate", "fields": {"y": 2.0, "trajectory": 5, "value": "13,2", "sequence_number": 2, "x": 13.0}}, {"pk": "4", "model": "fitbeats.fitnesstrajectorycoordinate", "fields": {"y": 3.0, "trajectory": 5, "value": "16,3", "sequence_number": 3, "x": 16.0}}]
